last_name, first_name,year,ff_avg_speed,ff_avg_spin,ff_avg_break_x,ff_avg_break_z,sl_avg_speed,sl_avg_spin,sl_avg_break_x,sl_avg_break_z,ch_avg_speed,ch_avg_spin,ch_avg_break_x,ch_avg_break_z,cu_avg_speed,cu_avg_spin,cu_avg_break_x,cu_avg_break_z,si_avg_speed,si_avg_spin,si_avg_break_x,si_avg_break_z,fc_avg_speed,fc_avg_spin,fc_avg_break_x,fc_avg_break_z,fs_avg_speed,fs_avg_spin,fs_avg_break_x,fs_avg_break_z
Wainwright, Adam,2020,89.2,2218,-2.3,-19.5,,,,,81.9,1683,-13.6,-33.8,73.5,2791,16.8,-65.5,89.3,2188,-12.1,-22.9,85,2343,6,-31.3,,,,
Ryu, Hyun Jin,2020,89.8,1996,9.6,-20.4,,,,,79.6,1478,13.2,-36.7,72.4,2539,-13.1,-66.5,89.2,1952,15.6,-24.8,85.5,2026,-1.4,-30,,,,
Maeda, Kenta,2020,91.6,2269,-7.8,-17.1,82.9,2506,3.2,-33.4,84.5,1507,-12.5,-35.9,78.5,2590,6.7,-52.9,90.8,2206,-15.8,-24.3,87.2,2461,1.6,-28.3,,,,
Heaney, Andrew,2020,91.5,2436,13.8,-17.1,,,,,83,2005,16.3,-31.8,79.2,2550,-5.7,-47.1,,,,,,,,,,,,
Bundy, Dylan,2020,90,2422,-4.9,-14.8,79.9,2538,4.3,-43.7,82.2,1665,-13,-32,73.5,2349,8.1,-63.9,90.7,2348,-12.8,-17.4,,,,,,,,
Perez, Martin,2020,92.2,2049,10.7,-17.2,,,,,83.7,1704,14.4,-29.7,77.7,2521,-5.5,-50.4,91.9,1951,17,-22.4,88.8,2180,0.8,-24,,,,
Nola, Aaron,2020,92.8,2184,-13.9,-18.1,,,,,84.9,1518,-14.5,-35.5,78.6,2499,15.1,-54.8,91.7,2097,-17.4,-24.4,,,,,,,,
Lamet, Dinelson,2020,97,2495,-6.2,-12,86.5,2616,4.3,-34.4,,,,,,,,,97,2442,-12.7,-12.9,,,,,,,,
Gonzales, Marco,2020,,,,,,,,,80.6,2114,16.9,-32.8,75.3,2294,-8.9,-62.1,88.2,2160,11,-18.1,84.8,2148,0,-27.3,,,,
Valdez, Framber,2020,93.2,2306,2,-20.7,,,,,88.8,1720,12.9,-32.1,80.5,2982,-13.2,-56.2,93.1,2255,12.6,-25.8,,,,,,,,
Marquez, German,2020,95.9,2156,-6.8,-16.1,87.9,2384,0.5,-31,86.8,1816,-13.4,-26.8,85.5,2732,3.7,-40.5,94.7,2143,-13.2,-21.2,,,,,,,,
Lynn, Lance,2020,94,2492,-6.7,-15.4,,,,,84.6,1781,-7.9,-29.2,84,2618,4.4,-42.7,92,2327,-13.3,-25.1,89.4,2603,2.1,-27.1,,,,
Keuchel, Dallas,2020,88.3,2218,2.7,-21.5,75.8,2280,-7.9,-48.3,78.6,1705,14.4,-37.7,,,,,87.2,2089,12.5,-29.1,84.8,2206,-2.6,-29.9,,,,
Corbin, Patrick,2020,90.1,2145,8.5,-18.9,79.2,2241,-3.8,-42.8,77.7,1550,10.5,-33.9,65,1852,-3.1,-66.9,90.2,2095,13.9,-21.3,,,,,,,,
Cole, Gerrit,2020,96.7,2511,-12.1,-11.6,88.7,2585,5.1,-31.1,88.2,1749,-15.3,-24.5,83.3,2809,9.7,-50.9,,,,,,,,,,,,
Carrasco, Carlos,2020,93.8,2470,-8.8,-15.8,85.9,2807,4.2,-36.2,87.7,1382,-7,-33,83.1,2958,9.4,-48.3,92.4,2360,-15.7,-24.2,,,,,,,,
Wheeler, Zack,2020,96.9,2336,-5.8,-15,89.8,2399,4.3,-31,90.1,1641,-12.4,-23.1,80.1,2621,10.8,-55.6,96.6,2206,-14.3,-17.1,,,,,,,,
Hendricks, Kyle,2020,87.4,1972,-5.7,-20.7,,,,,79.7,2064,-11.4,-31.1,72.1,2810,14.3,-66.3,87.3,1863,-12.5,-25.9,,,,,,,,
Gallen, Zac,2020,93.2,2380,-3.6,-14,,,,,84.9,1530,-13.3,-34.7,81.2,2432,6.3,-50.9,92.9,2192,-13.8,-16.4,87,2349,6.5,-32.9,,,,
Freeland, Kyle,2020,92.2,2451,7.1,-17.9,86.2,2473,-1.9,-31.9,86.1,1412,11.2,-31.6,80.3,2444,-4.1,-49.5,91.7,2414,14.4,-25.4,,,,,,,,
Darvish, Yu,2020,95.9,2582,-6.2,-11.4,82,2789,14.9,-42.6,,,,,77.8,2733,9.8,-58.6,95,2440,-13.9,-18,87.1,2681,4.6,-35,89.7,1691,-10.7,-24.3
Bieber, Shane,2020,94.1,2354,-9,-12.5,84.5,2551,1.3,-42,88.7,1665,-15.9,-29.9,83.6,2352,9,-53.6,,,,,89.3,2529,1.8,-24.8,,,,
Singer, Brady,2020,93,2199,-8.2,-19.2,83.1,2389,4.8,-41.1,87.8,2164,-15.6,-24.9,,,,,93.3,2241,-13.7,-19.2,,,,,,,,
Scherzer, Max,2020,94.7,2472,-10.5,-15,85.5,2384,4.1,-34.9,84.9,1446,-14.5,-35,77.2,2779,14.4,-54.9,,,,,91.1,2570,-0.7,-23.9,,,,
Lester, Jon,2020,89.4,2220,7.4,-18.6,,,,,83.4,1905,13.5,-32.5,73.4,2569,-10.6,-55.6,88.6,2086,13.7,-27.4,87.4,2343,-0.4,-24.6,,,,
Greinke, Zack,2020,87.9,2323,-1.1,-18.1,84.5,2424,6.6,-32.6,84.7,1746,-11,-31.8,70.7,2434,10.6,-66.2,,,,,,,,,,,,
Boyd, Matthew,2020,91.7,2305,11.2,-18.3,79.3,2323,-3.4,-46.8,79.1,1900,15.9,-37,74.1,2528,-12.9,-65,90.5,2255,16.1,-22.7,,,,,,,,
Berrios, Jose,2020,94.5,2192,-10.9,-15.5,,,,,84.7,1538,-12.5,-33.9,83.3,2353,14.7,-42.1,94,2124,-15.8,-20.6,,,,,,,,
Bauer, Trevor,2020,93.5,2776,-9.1,-11.6,80.7,2941,17.5,-45.3,84.3,1413,-11.6,-27.6,79.7,2933,8.8,-63.6,93.4,2796,-13.1,-12.7,85,2908,5.5,-38.5,,,,
Davies, Zach,2020,,,,,,,,,79.4,1728,-14.4,-35.2,74.5,2509,9.6,-60.8,88.4,2056,-14.5,-22.4,86.9,2192,-5.1,-22.4,,,,
Cueto, Johnny,2020,91.4,2222,-10.4,-17.9,84.7,2231,1.2,-30.5,82.5,1333,-11.2,-35.5,80.7,2337,3.4,-41.7,90.9,2145,-16.4,-23,,,,,,,,
Civale, Aaron,2020,91.3,2343,-4.6,-17,82.2,2709,7.5,-42,85.3,2028,-15.4,-28.7,75.7,2840,12.1,-63.9,91.8,2269,-13.6,-20.6,87.4,2501,5.1,-26.6,,,,
Castillo, Luis,2020,97.4,2188,-11,-16.5,86.8,2489,0,-35.8,88.2,1949,-16.5,-34.1,,,,,97.5,2115,-18,-24.6,,,,,,,,
deGrom, Jacob,2020,98.6,2477,-6.9,-11.4,92.5,2565,3.7,-26.7,91.4,1638,-13.5,-28.8,84.1,2632,7.2,-42.8,,,,,,,,,,,,
Woodruff, Brandon,2020,96.6,2457,-6.6,-12.1,88.2,2525,2.9,-34.2,86.7,1817,-15.4,-26.9,83.5,2606,4,-49.3,96.3,2364,-13.8,-16.1,,,,,,,,
Senzatela, Antonio,2020,94.3,2144,-5.9,-20,86.4,2176,5.2,-34.5,86.4,2133,-8.2,-27.7,79.3,2312,7.5,-50,,,,,,,,,,,,
Mills, Alec,2020,89.8,2185,-9.6,-20,77.5,2584,16.5,-48.1,80.8,1707,-15.3,-38.2,66.6,2378,12.9,-72.5,90,2207,-16.2,-26.4,,,,,,,,
Giolito, Lucas,2020,94,2349,-7.1,-12.5,84.9,2095,3.5,-34.2,80.9,1414,-8.8,-28.9,77.3,2493,5,-61.1,,,,,,,,,,,,
Gibson, Kyle,2020,92.4,2265,-5.7,-15.8,83,2479,5.4,-40.3,84.4,1652,-14.8,-31.6,78.8,2420,6.3,-52.5,92.2,2130,-13.9,-19.6,,,,,,,,
Bassitt, Chris,2020,93.3,2160,-7.8,-16.5,74.5,2250,13.6,-52.1,83.6,1971,-17.3,-29.6,70,2194,12.2,-71,92.6,2117,-15.7,-20.1,87.8,2183,1.6,-27.3,,,,
Stroman, Marcus,2019,92.9,2455,-6.3,-18.7,85.7,2838,11.2,-37.8,87,1929,-13.9,-30.1,75,2686,15.3,-55.6,92.5,2345,-12,-28.1,91,2615,1.1,-27.2,,,,
Sanchez, Anibal,2019,90.2,2238,-3.3,-16.6,83.2,2306,5.9,-35.7,70.7,1421,-8.9,-44.5,76.9,2113,3.7,-49.4,90.4,2134,-11.9,-18.8,87.6,2316,3.7,-23.6,84.3,1717,-14,-30.7
Morton, Charlie,2019,94.7,2259,-13.6,-18.3,,,,,,,,,78.6,2886,18.6,-55.5,93.9,2102,-18.6,-26.2,85.4,2436,4.1,-36.3,84.9,2124,-20,-35.5
Lester, Jon,2019,90.6,2251,7.3,-17.8,,,,,84.3,1939,13.5,-31.4,74.5,2606,-11.5,-55.3,89.5,2143,13.7,-26.5,87.9,2391,-1.6,-25.1,,,,
Leake, Mike,2019,88.6,2086,-8.1,-27.6,80.3,2506,9.5,-45.7,84,1719,-12.5,-41.2,79.3,2572,14.6,-47.4,88.3,2023,-11.9,-32.5,86.7,2232,1.6,-31.7,,,,
Hudson, Dakota,2019,93.9,2168,-4.8,-19.2,87.4,2430,2.3,-34.9,88.1,1459,-11.6,-27.1,81.9,2196,9.4,-44.5,93.5,2134,-12.8,-23.6,,,,,,,,
Boyd, Matthew,2019,92.1,2383,10.2,-17.3,79.6,2377,-4.2,-46,79.1,1956,11.4,-32.3,72.2,2247,-14.6,-61.1,90.2,2353,14.4,-23.1,90.5,2330,0.3,-12.8,,,,
Scherzer, Max,2019,94.9,2474,-12.2,-16.7,85.6,2365,3.2,-36.1,84.3,1551,-15.7,-36.3,78.5,2719,10.8,-51.3,,,,,89.8,2441,-0.5,-26.6,,,,
Ray, Robbie,2019,92.4,2257,7.1,-14,84.2,2145,-1.9,-34.7,,,,,81.6,2045,-1.2,-46.5,92.2,2182,13.8,-18.4,,,,,,,,
Gray, Sonny,2019,93.3,2527,-1.9,-16.1,84.6,2868,15.9,-43,89.7,2047,-12.7,-24.1,81.9,2988,15.7,-53.9,93.1,2441,-11.7,-21.3,89.3,2570,3.1,-25,,,,
Fiers, Mike,2019,90.4,2322,-9,-15.3,85.7,2481,3.2,-28.3,84.1,1933,-16.2,-33.2,74,2781,10.9,-70.7,90.2,2256,-15.5,-20.9,,,,,,,,
Castillo, Luis,2019,96.4,2170,-13.3,-18.5,85.9,2330,-0.4,-38.3,87.2,1972,-16.8,-34.3,,,,,96.5,2073,-18.7,-25.7,,,,,,,,
Bumgarner, Madison,2019,91.4,2405,9.1,-17.1,,,,,84.2,1641,13,-29.5,78.8,2645,-11.8,-49.6,92.2,2400,11.9,-23,87.2,2488,-1.1,-28.1,,,,
Buehler, Walker,2019,96.5,2456,-4.8,-11.7,86.8,2867,11.1,-38,91.5,1516,-12.9,-26.1,80.7,2915,10.3,-59.2,96.6,2346,-13.4,-16.2,92.8,2713,5.4,-22.7,,,,
Bieber, Shane,2019,93.1,2254,-8.3,-13.6,85,2370,1.4,-34.9,87.6,1725,-15.7,-28.4,82.7,2303,4,-50.6,93.7,2189,-13.7,-19.6,,,,,,,,
Anderson, Brett,2019,89.4,2028,3.1,-22.9,81.9,2384,-4.6,-50,82.6,1481,14,-34.2,75.6,2393,-7.8,-65.4,90.7,1799,14.7,-25.7,,,,,,,,
Ryu, Hyun Jin,2019,90.7,2084,10.2,-19.5,80.7,2337,-4,-44.6,80,1487,12.6,-36.8,72.7,2573,-13.4,-66.1,90.1,2021,15.6,-24.7,87,2065,-1.2,-28.9,,,,
Hendricks, Kyle,2019,87.2,2044,-6.7,-21.7,,,,,78.6,2115,-13.1,-34.1,71.4,2784,15.7,-68,86.7,1959,-12.7,-26.9,,,,,,,,
Eflin, Zach,2019,93.8,2186,-9.3,-17.7,87.1,2247,3.7,-29.8,86.7,1787,-14.1,-27.9,77.9,2416,10.6,-53.2,93.1,2090,-16.2,-23.4,89.6,2227,-0.5,-23.5,,,,
DeSclafani, Anthony,2019,94.7,2249,-9.6,-14.3,89.4,2315,3.7,-27.4,88.5,1535,-13.7,-28.2,83.3,2048,4.8,-45.2,94.5,2086,-15,-19.5,,,,,,,,
Wheeler, Zack,2019,96.8,2341,-10.5,-13.1,91.2,2386,2.1,-26.2,89,1771,-12.4,-24.1,80.7,2647,8.1,-54.1,96.5,2256,-13.9,-15.9,,,,,88.8,1383,-12.4,-30.5
Wainwright, Adam,2019,89.6,2191,-3.1,-20.1,,,,,83.9,1769,-14.4,-31,74.9,2752,18.4,-62.4,90,2171,-12.9,-23.9,84.9,2341,5.5,-32.3,,,,
Porcello, Rick,2019,91,2434,-9,-17.9,84.3,2555,3.4,-34.8,80.8,1600,-13.9,-34.6,74.9,2810,15.1,-58.3,89.6,2290,-16.7,-26.6,,,,,,,,
Nola, Aaron,2019,93.1,2171,-12.9,-18.2,,,,,85.8,1570,-14.9,-33.2,79.1,2574,14.9,-55.1,92.2,2132,-16.6,-24,,,,,,,,
Giolito, Lucas,2019,94.2,2333,-7.6,-12.3,84.6,2036,2.6,-32.3,81.7,1563,-10.2,-27.9,79.4,2512,6.8,-59.6,,,,,,,,,,,,
Fried, Max,2019,93.8,2077,3.2,-18.9,83.7,2562,-12.7,-42.6,84.8,1514,11.5,-31.5,74.5,2844,-9.2,-69.6,93.6,1988,11.7,-22.7,93.5,2115,-3.7,-23.4,,,,
Berrios, Jose,2019,93.1,2190,-9.9,-17,,,,,82.5,1705,-14.5,-36.9,81.2,2334,17,-45.2,92.1,2110,-16.1,-22.8,,,,,,,,
Soroka, Mike,2019,92.9,2362,-5.2,-19.5,83.2,2776,6.4,-45.8,81.2,2178,-13.8,-30.3,,,,,92.3,2175,-15.9,-25.7,,,,,,,,
Perez, Martin,2019,94.2,2131,9.8,-15.7,,,,,85.3,1795,14.9,-27.8,79.2,2637,-5.1,-51.3,93.9,2051,16.8,-21.7,88.5,2307,-2.6,-28.6,,,,
Musgrove, Joe,2019,92.7,2419,-5.2,-19.7,83.2,2495,11.6,-40.4,85.3,2001,-7.1,-33,82.1,2575,6.9,-52.4,91.5,2278,-10.6,-26.7,88.7,2514,3.1,-28,,,,
Miley, Wade,2019,90.8,2210,4,-16.5,81.7,2398,-4.9,-45.5,81.2,1869,14.9,-31.3,75.6,2428,-7.7,-62.6,89.5,2056,11.7,-19.6,87.3,2258,-2.5,-28.3,,,,
Marquez, German,2019,95.7,2225,-7.3,-17.6,87.4,2371,0.4,-33.5,87.8,1969,-14.7,-27.8,84.9,2693,3.2,-43.3,94.7,2171,-13.2,-22.6,,,,,,,,
Lucchesi, Joey,2019,,,,,,,,,78.9,2091,-1.7,-45.2,,,,,90.1,2215,11.8,-20.7,90.5,2232,2.7,-18,,,,
Greinke, Zack,2019,89.9,2326,-2,-17.8,83.7,2517,7.1,-39.7,87.4,1780,-12.5,-32.4,70.6,2446,12.4,-68.9,90.4,2253,-13.3,-22,89.3,2409,5.4,-24,80.1,1703,-9.3,-38.3
Cole, Gerrit,2019,97.1,2530,-11.4,-10.9,89.2,2622,4.9,-31.8,88.6,1870,-15.3,-22.9,82.6,2901,11.7,-55.6,97.1,2508,-15.1,-13.8,,,,,,,,
Bailey, Homer,2019,93,2093,-8,-16.4,87.3,1838,2.4,-30.1,,,,,78.3,1927,10.2,-53.6,92.6,2030,-13.3,-19.8,,,,,84.1,1125,-7.5,-35.2
deGrom, Jacob,2019,96.9,2388,-5.7,-12.2,92.5,2454,3,-24.6,90.3,1703,-13.6,-28.6,84.3,2567,6.2,-40.9,96.7,2281,-11.4,-15.3,,,,,,,,
Teheran, Julio,2019,89.7,2400,-6.4,-21.7,82.2,2603,3.2,-37.2,83.6,1704,-14.9,-31.7,74.8,2762,12,-52.4,89.3,2264,-14.7,-29.7,,,,,,,,
Strasburg, Stephen,2019,93.9,2167,-9.6,-15.7,87.8,2250,4,-29,87.7,1679,-15.5,-32.1,81.2,2773,12.9,-49.5,93.7,2129,-15.8,-20.2,,,,,,,,
Roark, Tanner,2019,92.1,2145,-5.2,-15.3,86.3,2255,2.9,-31.2,84.1,1701,-13.3,-28.9,75.7,2746,12.2,-64.4,91.9,2087,-13.3,-18.7,,,,,,,,
Nova, Ivan,2019,92.5,2246,-12.4,-20.8,,,,,86.2,2000,-16.5,-29.8,79.9,2258,2.8,-50.5,92.3,2162,-17.2,-25.5,86.7,2143,-3.6,-28.9,,,,
Minor, Mike,2019,92.5,2650,4.1,-17,86.4,2737,-5.6,-34.7,86.2,2287,17.5,-26.2,80.7,2534,-6.9,-54.5,,,,,,,,,,,,
Mikolas, Miles,2019,93.7,2303,-5.9,-16.2,87,2321,3.7,-34,87.8,1705,-13.6,-28.5,78.3,2588,9.1,-61.4,93.4,2227,-13.8,-19.5,,,,,,,,
Kershaw, Clayton,2019,90.3,2477,-1.2,-14.6,86.9,2668,-4.8,-28.8,85.2,2210,10.6,-19.9,73.5,2463,-3.4,-68,,,,,,,,,,,,
Kelly, Merrill,2019,92,2411,-4.7,-17.2,,,,,86,2109,-12.6,-23.9,80.6,2683,9.6,-55.3,91.5,2313,-13.9,-24.2,89.9,2433,2.1,-23.2,,,,
Keller, Brad,2019,93.7,2295,0,-17.2,84.9,2510,7.2,-44,87.8,1698,-6.8,-29,,,,,92.8,2100,-10.8,-22.2,,,,,,,,
Junis, Jakob,2019,91.7,2079,-6,-18.9,82.4,2522,14.7,-43.3,84.6,1336,-4.5,-34.1,79.3,2421,15.3,-48.6,91,1923,-13,-24.4,,,,,,,,
Corbin, Patrick,2019,91.8,2283,8.8,-17.1,81.7,2398,-3.6,-42,81.8,1646,10.6,-30.5,67.8,1989,-3.6,-61.4,91.8,2195,14.7,-21.5,,,,,,,,
Verlander, Justin,2019,94.6,2577,-10.1,-10.7,87.5,2612,4.1,-30.2,86.9,1866,-16.3,-26.5,79.4,2821,7.6,-57.4,,,,,,,,,,,,
Tanaka, Masahiro,2019,91.5,2143,-10.1,-17.3,83.3,2390,6.7,-39.7,,,,,76.1,2391,9.2,-58.2,90.4,1916,-14.8,-25.5,87.5,2077,-1.6,-28.4,86.8,1589,-12.7,-31.9
Samardzija, Jeff,2019,91.6,2571,-9.7,-17.5,84.6,2449,-0.3,-31.4,,,,,76.3,2498,6.3,-58.7,92.2,2480,-16.7,-23,88.8,2607,-2.8,-23.6,82.3,1451,-8,-30.8
Alcantara, Sandy,2019,95.6,2356,-9.3,-15.8,86,2478,4.3,-37,89.1,1923,-16.1,-30.5,82,2481,5.5,-47.5,95.3,2393,-17.2,-22.9,,,,,,,,
Syndergaard, Noah,2019,97.8,2197,-6.1,-13.8,89.1,2178,3.7,-34.3,91.1,1689,-15.5,-24.5,80.4,2275,11.9,-46.1,97.5,2106,-14.2,-19.2,,,,,,,,
Rodriguez, Eduardo,2019,93,2198,8.9,-18.1,84.7,2197,-5.4,-35.5,87.6,2047,17.5,-30.2,82.4,2285,-4.1,-46.1,92.9,2139,15,-22,88.5,2225,-1.1,-27.2,,,,
Quintana, Jose,2019,91.4,2016,4.4,-16.8,,,,,86.5,1287,8.5,-27,77,2215,-8.6,-54.5,91.3,1977,12.2,-18.8,,,,,,,,
Lynn, Lance,2019,94.6,2482,-6.1,-15.9,,,,,86.9,1811,-12.6,-29.6,81.2,2352,7.8,-52,92.8,2308,-12.9,-24.4,89,2583,3.3,-29.6,,,,
Lopez, Reynaldo,2019,95.4,2137,-10,-15.2,84.4,2120,3.5,-35.3,84,1610,-11.7,-28.1,78.3,2084,3.4,-49,,,,,,,,,,,,
Gonzales, Marco,2019,88.1,2208,4.3,-15.8,,,,,81.2,2171,16.9,-32.1,76.3,2346,-8.4,-60.7,88.9,2253,11.4,-18.6,85.2,2246,0.5,-27.8,,,,
Flaherty, Jack,2019,94.3,2222,-4.8,-15.8,84.8,2381,6.4,-33.3,86.2,1700,-11.7,-29.5,78.2,2501,12.9,-56.5,92,2009,-11.5,-23.5,,,,,,,,
Darvish, Yu,2019,94.1,2528,-3.6,-14.7,82.4,2725,16.7,-39.9,83.8,1322,-5.3,-30.5,77.2,2624,11.4,-59.8,93.4,2280,-12,-22.4,86.9,2652,5.6,-36.6,88.6,1438,-6,-28.7
Bauer, Trevor,2019,94.5,2412,-9.7,-13.6,79.6,2736,19,-46.7,86,1697,-15.4,-28.3,79.1,2549,8.3,-63.6,94.8,2353,-15.9,-19.3,84.6,2640,5.7,-40.7,,,,
Stroman, Marcus,2017,93.7,2302,-6.9,-20.7,86.3,2733,10.8,-39,82.7,1680,-15.3,-34.4,81.8,2749,14.4,-47.5,93.3,2245,-12.1,-27.5,89.6,2630,2.3,-33.2,,,,
Scherzer, Max,2017,94,2503,-9.9,-14.2,85.4,2401,4.4,-34.5,84.6,1519,-13.9,-34.7,77.4,2507,10.1,-52.6,93.4,2486,-15.1,-21.5,87.9,2451,3.4,-28.2,,,,
Samardzija, Jeff,2017,94.3,2479,-8.5,-14.9,87.8,2402,-0.9,-26.6,,,,,80.7,2379,4.7,-48.6,94.3,2454,-16.3,-20,91.6,2536,-2.3,-19.6,86.7,1690,-11,-27.1
Sale, Chris,2017,94.7,2336,14.8,-17.8,79.8,2395,-13.1,-47.8,86.8,2016,18.5,-31,,,,,93.6,2205,18.6,-26.1,,,,,,,,
Roark, Tanner,2017,92.5,2088,-5.5,-13.4,85.9,2321,3.6,-29.5,83.7,1757,-12.5,-28.1,75.8,2719,13.8,-61.4,92.2,2041,-12.7,-17.5,,,,,,,,
Lynn, Lance,2017,92.4,2375,-8.9,-16.7,,,,,86,1987,-13,-27.8,78.9,2184,5.6,-52.2,91.4,2239,-14.7,-24.2,87.1,2423,1.2,-28.5,,,,
Lackey, John,2017,91,2172,-9.2,-17.3,,,,,83.5,1647,-14.5,-29.7,77.5,2283,7.4,-49.7,90.7,2131,-16.5,-25.2,82.4,2165,4.5,-38.6,,,,
Estrada, Marco,2017,89.8,2386,-5.8,-11.7,,,,,77.5,2125,-11.8,-27.4,77.5,2662,4.5,-60.1,,,,,86.5,2515,3,-26.4,,,,
Wacha, Michael,2017,95.1,2159,-7.4,-11.8,,,,,87.8,1702,-10.7,-23.6,76.5,2234,6.2,-60.2,95.1,2128,-14.1,-14.9,90.7,2152,1,-21.8,,,,
Quintana, Jose,2017,92.2,2042,3.5,-13.9,,,,,86.1,1329,10.1,-25.9,77,2186,-10.8,-49.6,92.1,2010,12.1,-16.4,,,,,,,,
Moore, Matt,2017,91.9,2257,13.8,-15.8,,,,,83.1,1727,16.1,-31.8,81.1,2394,-5.1,-47.1,,,,,89.2,2170,3,-19.7,,,,
Martinez, Carlos,2017,96.3,2091,-10.2,-16.9,85.2,2190,9,-35.7,87.8,1988,-17.1,-35.1,80.1,2078,9.5,-42.9,94.9,2007,-17.9,-25.8,,,,,,,,
Greinke, Zack,2017,90.8,2391,-2.1,-16,83.9,2594,6.2,-36.9,87.1,1821,-13.1,-30.2,74.3,2593,11.8,-63.4,90.7,2340,-12.1,-19.3,,,,,,,,
Gausman, Kevin,2017,94.8,2243,-14.1,-14.2,82.6,2291,1.5,-38.9,,,,,,,,,90.4,2087,-17.7,-24.3,,,,,84.9,1605,-15.5,-31.8
Fulmer, Michael,2017,95.7,2104,-5.6,-13.5,89.2,2372,2.5,-27.5,87.8,1748,-12.7,-30.6,78.5,2548,13.6,-52.2,95.9,2034,-14.7,-17.1,,,,,,,,
deGrom, Jacob,2017,95.2,2362,-7.2,-12.5,89.3,2453,2.3,-28.1,87.7,1793,-14.8,-26.8,81.5,2549,5.3,-43.9,94.7,2294,-15.6,-17.8,,,,,,,,
Verlander, Justin,2017,95.3,2541,-13.6,-13.5,88.2,2528,1.3,-29.5,87.6,1813,-16.5,-28.6,80.4,2803,9,-53.9,95.7,2551,-21.6,-18.1,92.1,2483,-1.2,-19.3,,,,
Richard, Clayton,2017,90.8,2117,15.2,-25.2,81.5,2211,-1.8,-44.2,83.7,1848,14.6,-37.4,,,,,90.1,2064,14.6,-34.1,,,,,,,,
Nolasco, Ricky,2017,91,2124,-8.4,-17.7,81,2319,3.9,-46.8,,,,,73.6,2544,14.5,-67.6,90.8,2008,-16.4,-24.3,,,,,80.9,1379,-12.5,-39.8
Darvish, Yu,2017,94.3,2505,-4.4,-13.7,82.6,2664,16.3,-43.7,87.7,1823,-9.9,-27.9,73.1,2501,10.7,-67.9,93.8,2337,-13.5,-20.3,88.7,2639,5.5,-30.7,,,,
Blach, Ty,2017,90.6,2158,7,-18.5,79.3,2315,-0.1,-44.9,80.2,1990,18.2,-32.6,76.4,2187,-3.8,-56.5,90,2102,15.7,-20,,,,,,,,
Vargas, Jason,2017,85.7,2229,2.1,-20.8,,,,,79.5,2278,12.4,-31.8,72.1,2491,-13.8,-65.3,85.6,2195,10.2,-23.2,,,,,,,,
Pomeranz, Drew,2017,91.4,2359,6,-15.1,,,,,81,1706,12.3,-30.6,79.4,2204,-7.2,-62.3,89.2,2263,12.6,-19.9,86.6,2340,-3.8,-28.9,,,,
Perdomo, Luis,2017,94.3,1969,-12.7,-18.2,84.4,2338,-0.8,-42.8,,,,,,,,,93.9,1952,-21,-24.7,,,,,87.2,1488,-17.6,-31.2
Nola, Aaron,2017,92.3,2098,-10.4,-18.1,,,,,83.8,1435,-12.8,-35.9,77.4,2544,19.2,-54.8,91.4,2036,-15.1,-24.2,,,,,,,,
Lester, Jon,2017,91.4,2206,7.6,-16.1,,,,,84.6,1743,13,-30.9,75.6,2512,-10.8,-53.2,90.3,2015,14,-25.4,87.8,2333,-3,-24.9,,,,
Hellickson, Jeremy,2017,90.1,2096,-11.1,-17.3,,,,,81.3,1830,-10.3,-30.8,76.7,2924,10.3,-61.6,90.2,2086,-15.8,-22.2,86.9,2331,-1.9,-21.3,,,,
Bundy, Dylan,2017,92.2,2485,-7.3,-12.5,83,2488,4.1,-38.3,83.6,1754,-13.8,-28,74.5,2241,7.9,-62,91.8,2395,-14.7,-16.8,,,,,,,,
Strasburg, Stephen,2017,95.4,2171,-9.5,-12.1,89,2388,4.7,-25.7,88.6,1746,-15.2,-27.1,82.4,2791,12.9,-47.9,95,2125,-16.6,-17.3,,,,,,,,
Straily, Dan,2017,90.5,2227,-6.7,-13.2,83.7,2397,5.4,-33.5,83.4,1408,-11.8,-33.7,73.5,2513,9.6,-56.4,90.3,2251,-17.4,-17.2,,,,,,,,
Hammel, Jason,2017,92.2,2198,-8.8,-14.6,85,2492,2.7,-37.6,85.1,1764,-16.4,-28.5,77.5,2267,8.4,-57,92.1,2165,-15.7,-19.5,,,,,,,,
Cole, Gerrit,2017,95.9,2164,-13.4,-14,88.1,2417,2.6,-32.1,88.5,1633,-16.6,-26.2,80.4,2667,11.7,-50.2,95.6,2096,-17.8,-19.8,,,,,,,,
Cashner, Andrew,2017,93.8,2193,-9.7,-14.2,88.1,2050,-0.9,-29.4,84.9,1495,-14.6,-30.4,81.7,2217,5,-48.9,93.1,2083,-15.2,-19.7,,,,,,,,
Carrasco, Carlos,2017,94.3,2260,-12.9,-15.9,85.4,2515,1.3,-35.2,88.4,1485,-12.4,-32.5,83.3,2653,5.7,-42.7,93.4,2086,-16.9,-23.3,,,,,,,,
Urena, Jose,2017,95.8,2175,-13.1,-15.2,85,2305,1.7,-29.5,88.6,1807,-14.3,-22.9,,,,,95.5,2149,-16.5,-20.4,90.2,1728,-14.5,-26.2,,,,
Teheran, Julio,2017,91.4,2274,-8.1,-18,82.6,2453,2.2,-35.6,81.9,1595,-13.9,-30.3,73.3,2602,11.2,-55.8,91.1,2158,-16.4,-25.2,,,,,,,,
Tanaka, Masahiro,2017,92.3,2229,-9.4,-16.4,84.6,2367,3.6,-36.1,,,,,76.8,2445,8.1,-55.7,91.4,2065,-16.4,-23.8,89.5,2282,-1.9,-24,87.6,1497,-12.8,-33
Porcello, Rick,2017,92.1,2441,-9.6,-15.7,85.6,2497,2.8,-32.6,80.3,1621,-14.8,-34,74.7,2858,13.8,-62.6,89.7,2321,-16.2,-23.3,,,,,,,,
Nelson, Jimmy,2017,94.1,2300,-8.7,-14.4,88.5,2534,5.5,-30.7,87.6,1561,-8,-31.9,84.3,2559,10.6,-43.3,93.7,2133,-15,-23.3,,,,,,,,
Leake, Mike,2017,90.6,2166,-6.3,-24.7,81,2473,6.9,-45,84.5,1770,-15.8,-37.5,78.4,2589,13.6,-55.8,90.2,2015,-15.7,-29.7,88.9,2201,-1.9,-27.5,,,,
Corbin, Patrick,2017,92.3,2293,6.4,-17.1,80.9,2359,-6.3,-43.8,83.5,1797,10.8,-27.9,,,,,92.2,2244,12.7,-21,,,,,,,,
Cobb, Alex,2017,91.1,2045,-4.6,-15.8,,,,,,,,,80.5,2536,4.8,-60.2,91.7,2103,-15.2,-18.6,,,,,85.6,1599,-15,-27.5
Bauer, Trevor,2017,94.1,2277,-9.6,-12.9,84.7,2506,0.8,-39.2,86.8,1646,-14.3,-28.4,78.6,2547,7.9,-62.4,93.6,2263,-15.8,-17.9,86.6,2565,4.2,-32.4,,,,
Arrieta, Jake,2017,92.2,2312,-5.6,-15.8,87.9,2439,5.7,-29.8,87.3,1800,-14.4,-30.9,78.8,2705,13.7,-56.4,92.2,2259,-14.4,-20.6,,,,,,,,
Santana, Ervin,2017,93.2,2232,-4.8,-12.1,84.5,2372,5.3,-31,85.8,1516,-11.1,-21.4,,,,,92.3,2136,-11.3,-16.9,,,,,,,,
Marquez, German,2017,95,2174,-5.6,-15,86.9,2040,3.6,-28.7,85.6,1682,-8.4,-28.3,80.6,2671,8,-51.4,94.3,2160,-14.3,-19.8,,,,,,,,
Kluber, Corey,2017,92.7,2372,-6.2,-16,,,,,85.8,1707,-12.8,-30.8,84.4,2589,13.6,-35.2,92.5,2225,-14.3,-21.6,89,2580,3,-28,,,,
Gonzalez, Gio,2017,90,2247,9.9,-16.7,,,,,83,1676,13.1,-29.9,74.8,2708,-13.1,-63.4,89.3,2139,16.5,-23.5,,,,,,,,
Davies, Zach,2017,,,,,,,,,79.4,1795,-16.1,-34.5,73.4,2603,10.1,-65.2,89.7,2103,-16.9,-22.9,86.5,2278,0.6,-26.3,,,,
Severino, Luis,2017,97.5,2301,-9.9,-11.4,88.3,2689,6.3,-36.8,87.2,1671,-13.1,-23.5,,,,,,,,,,,,,,,,
Ray, Robbie,2017,94.2,2276,8.6,-13.6,84.6,2094,0.3,-33.8,,,,,81.7,2037,-2.7,-47.3,93.4,2256,15.9,-20.2,,,,,,,,
Perez, Martin,2017,93.2,2085,9.9,-16.4,84.4,2320,-4.3,-35.5,84.6,1780,14.6,-29.2,79.2,2569,-6.4,-49.4,93,2023,16.1,-22.3,,,,,,,,
Nova, Ivan,2017,93.1,2252,-12.6,-17.4,,,,,86.4,1965,-16.9,-27.3,80.6,2352,1.6,-48.7,92.5,2157,-18.4,-24,,,,,,,,
Kershaw, Clayton,2017,92.8,2340,0.7,-9.3,88.6,2470,-3.5,-23.1,86,2171,10.9,-15.4,73.3,2364,-1,-65.9,94.6,2333,12.3,-10.7,,,,,,,,
Gray, Sonny,2017,93.5,2484,-2.8,-16.5,85.1,2846,7.2,-43.4,89.5,1827,-11.7,-26.2,81,2891,14,-53.6,92,2092,-12.3,-22.7,90.9,2712,4.7,-14.7,,,,
Dickey, R.A.,2017,83.6,1878,-15.7,-29.1,,,,,,,,,,,,,,,,,,,,,,,,
Chacin, Jhoulys,2017,91.4,2207,-9.9,-17.9,80,2480,12.9,-41,83.3,1503,-14.2,-32.4,75.6,2500,11.5,-52.8,91.1,2120,-19.9,-24.8,,,,,,,,
Archer, Chris,2017,95.5,2249,-6.5,-12.4,88.8,2546,3.2,-34.9,85.9,1766,-14.6,-29.5,,,,,,,,,,,,,,,,
Volquez, Edinson,2016,94,2312,-12.3,-17.2,,,,,84,1200,-13.2,-36,80.5,2817,7.4,-52,93.8,2306,-16.5,-20.5,,,,,,,,
Ventura, Yordano,2016,96.8,2190,-11.8,-13.5,,,,,86.7,1501,-12.8,-29.4,83.6,2626,3.4,-50.6,97,2071,-16.4,-17.8,92.1,2149,-12.1,-16.7,,,,
Tanaka, Masahiro,2016,92.6,2243,-11.7,-14,84.5,2221,0.7,-31.4,,,,,76.1,2302,6.3,-53.8,91,2029,-15.3,-20.6,89.5,2149,-7.5,-20.7,87.2,1592,-12.7,-29
Straily, Dan,2016,89.8,2212,-8.7,-12.1,83.6,2304,3.1,-30.7,82.9,1314,-11.9,-31.1,73.2,2411,8.4,-51.1,90,2131,-14.8,-16,,,,,,,,
Scherzer, Max,2016,94.9,2550,-14.8,-13.1,86.8,2343,-0.6,-30,85.8,1517,-17.4,-32.1,78.5,2472,4.9,-49.5,95.4,2613,-16.1,-11.7,90,2462,-5.2,-22.6,,,,
Quintana, Jose,2016,92.7,2065,6.2,-13.7,78.5,2217,-11.7,-44.1,86.6,1325,10.9,-24.1,78.2,2134,-6.2,-48.7,92.6,1999,12.3,-16.1,,,,,,,,
Price, David,2016,93.6,2176,10.3,-14.9,,,,,85,1806,16.5,-27.8,79.5,2203,-5.2,-46.1,93.4,2117,15.6,-16.8,88.6,2084,2.4,-24.2,,,,
Perez, Martin,2016,93.6,2109,10.2,-16.2,85.6,2276,-2.5,-33.9,84.9,1707,13.6,-27.9,80.5,2341,-3,-45.9,93.1,2033,16.2,-21.7,,,,,,,,
Moore, Matt,2016,93.4,2286,12.6,-13.5,,,,,84.9,1564,15.8,-30.3,81.9,2514,-5.5,-50.5,93.2,2215,18.3,-17.1,90.8,2327,1.9,-18.8,,,,
Lackey, John,2016,92.4,2270,-8.1,-15.1,,,,,84.9,1871,-16.2,-27.5,78.9,2329,5.7,-49.2,92.3,2225,-16.1,-21.4,83.9,2190,3.3,-38.2,,,,
Gray, Jon,2016,95.8,2183,-10.2,-12.9,89.1,2370,1.3,-26.3,85.9,1683,-10.8,-23.3,78.3,2584,9.6,-50.9,,,,,,,,,,,,
Finnegan, Brandon,2016,92.3,2230,4.3,-13.9,84,2142,-2.9,-35.7,85.5,1646,11.2,-25,,,,,92.4,2177,11.3,-15,,,,,,,,
Fernandez, Jose,2016,95.9,2441,-10.3,-11.9,,,,,88.8,1547,-16.2,-27.4,84.3,2381,9.8,-35.8,94.2,2277,-16.5,-16.8,,,,,,,,
Verlander, Justin,2016,94.1,2559,-14.2,-12.4,88.5,2474,-0.4,-25,85.9,2059,-18.7,-28.9,79.2,2763,8.3,-54.2,,,,,,,,,,,,
Smyly, Drew,2016,90.8,2185,8.5,-12.9,76.3,1762,7.1,-48.2,80.2,1470,11.7,-28.5,,,,,,,,,85.5,2098,6.7,-25.2,,,,
Roark, Tanner,2016,92.7,2118,-5.7,-13,86,2385,0.2,-31.1,84.3,1846,-16.3,-26.9,77.8,2733,9.2,-54.3,92.7,2072,-14.4,-16.6,,,,,,,,
Pineda, Michael,2016,94.6,2086,-6.1,-15,86.1,2004,0.3,-34.6,89.1,1896,-14.3,-21.8,,,,,95.2,2058,-10,-16.5,94.4,2041,0,-16.5,,,,
Maeda, Kenta,2016,90.8,2348,-8.7,-14.2,82,2375,2.9,-31.7,83,1740,-14.8,-27.6,73,2524,8.2,-63.3,90.2,2205,-14.8,-19.1,,,,,,,,
Kennedy, Ian,2016,92.7,2384,-12.9,-14.8,86.5,1872,-1.1,-30.7,84.5,1887,-15.1,-28,77.8,2557,8.3,-58.8,93.3,2409,-16.5,-16.7,,,,,,,,
Ray, Robbie,2016,94.9,2277,10.3,-12.9,84.8,2152,1.3,-35.3,87.2,1918,12.2,-25.7,,,,,94.4,2268,15.7,-17.2,,,,,,,,
Liriano, Francisco,2016,93.1,2094,8.2,-16.8,85.9,2231,-1.8,-31.3,85.9,1784,14.2,-28.9,77.1,2208,-5.8,-46.6,93.4,2038,14.6,-20,,,,,,,,
Hendricks, Kyle,2016,90.2,2177,-5.5,-16.6,,,,,80.6,2113,-9.3,-31.1,76,2880,11.8,-54.9,88.1,1962,-12.9,-24.5,88.5,2140,-5,-17.1,,,,
Graveman, Kendall,2016,91.8,2427,-2.9,-20.1,80.1,2320,10.2,-41.5,85.6,1702,-12.8,-30.3,,,,,93.3,2265,-14.1,-20.5,88.4,2399,2.8,-26.4,,,,
Davies, Zach,2016,,,,,,,,,79.1,1742,-16.3,-34.5,72.8,2544,8.5,-65.7,89.9,2070,-15.7,-20.4,86,2278,-0.9,-26.8,,,,
Bumgarner, Madison,2016,91.2,2303,6.3,-14.6,87.3,2307,-1.5,-25,84.2,1720,12.1,-26.5,75.2,2368,-11,-56.1,91.6,2303,10.8,-15.8,86.6,2374,2.5,-22.7,,,,
Archer, Chris,2016,94.9,2190,-5.2,-12.5,88.9,2315,5.3,-34,87.4,1810,-11.9,-28.7,,,,,,,,,,,,,,,,
Weaver, Jered,2016,83.8,2268,-4.1,-21.6,77,2401,5.8,-44,74.9,1851,-12.9,-35,69.4,2483,9.4,-60.6,82.8,2117,-11.8,-25.5,,,,,,,,
Samardzija, Jeff,2016,94.7,2450,-12.4,-16.7,86.8,2382,-1.5,-29.6,89.5,1753,-17.7,-20.1,80.8,2397,3.7,-46.5,94.9,2413,-17.9,-20.2,92.8,2499,-4.5,-17.7,86.1,1586,-13.5,-27.4
Nova, Ivan,2016,93.3,2267,-11.3,-17.1,87.3,2174,-4.9,-26.8,86.8,2006,-14.4,-25.4,80.5,2294,3.6,-47.8,93.1,2147,-16.5,-21,,,,,,,,
Nolasco, Ricky,2016,91,2099,-8.3,-15.7,81.7,2133,2.1,-43.3,,,,,73.6,2576,13.1,-64.3,90.9,1986,-15.8,-23.7,,,,,80,1386,-10.5,-39.2
McHugh, Collin,2016,90.8,2202,-7.8,-18,,,,,84.1,1650,-12.5,-33.3,72.9,2619,14.6,-64.9,91.1,2170,-12.8,-19.5,87.3,2522,2.8,-27.6,,,,
Koehler, Tom,2016,92.5,2102,-8.9,-14.1,86.1,2196,2.3,-31,85.2,1614,-14.2,-28.6,79.2,2464,6.3,-58.6,92.8,2038,-14,-17.8,,,,,,,,
Hamels, Cole,2016,92.6,2083,8.5,-15.8,,,,,84.7,1623,14.3,-29,79.8,2141,-4.4,-52.9,93.2,2090,14.6,-18.7,89.2,2025,1.5,-25,,,,
Estrada, Marco,2016,88.6,2402,-4.9,-11.9,,,,,77.5,2142,-11.1,-26.5,76.6,2689,6.4,-60.6,,,,,87.7,2433,0.8,-16.8,,,,
Duffy, Danny,2016,95.5,2234,5.5,-11.4,96.5,2394,4.3,-9.2,85.8,2512,14.6,-24.7,84.1,2312,-6.5,-41.9,95.2,2183,11.4,-13.7,,,,,,,,
Dickey, R.A.,2016,82.9,1889,-14.8,-30,,,,,,,,,,,,,,,,,,,,,,,,
Santana, Ervin,2016,93.4,2250,-6.4,-12.6,84.1,2081,5.5,-32.5,85.6,1456,-10.4,-22.1,,,,,91.2,2021,-12.7,-19.2,,,,,,,,
Porcello, Rick,2016,92.2,2447,-8.7,-14.6,85.5,2460,2.6,-30.4,81.4,1688,-13.1,-31.5,74.2,2800,13.5,-63.7,90.1,2365,-15,-21.6,,,,,,,,
Lester, Jon,2016,92.7,2301,7.3,-14.8,,,,,85.4,1750,13.1,-30,75.1,2529,-10.7,-54.7,91.7,2066,12.7,-22.5,89,2386,-1.9,-24.6,,,,
Gonzalez, Gio,2016,91.6,2252,10.7,-15.3,,,,,84.4,1707,13.3,-29.2,77.7,2842,-10.8,-58.3,91.3,2188,15.4,-20.5,,,,,,,,
Fiers, Mike,2016,90.1,2188,-2.5,-15,82,2294,7,-38.3,83.1,1765,-11.4,-32.7,74.4,2667,9.6,-69.4,,,,,86.9,2324,5.4,-23.8,,,,
Eickhoff, Jerad,2016,91.6,2237,-10.5,-14.1,82.5,2141,1.1,-33.9,84.6,1806,-13.9,-22.7,75.5,2563,5.5,-59.2,91.5,2149,-15.5,-19.3,,,,,,,,
Cueto, Johnny,2016,92.7,2316,-11.2,-13.5,84.2,2286,1.1,-31.3,83.3,1573,-12.6,-33.6,75,2083,1.3,-49.1,92,2221,-15.4,-17.8,88,2299,-4,-23.2,,,,
Colon, Bartolo,2016,90.4,2264,-8.6,-17,82.4,2286,0.3,-35.6,81.4,1684,-14.6,-32,,,,,87.6,2100,-16.6,-26.7,,,,,,,,
Wainwright, Adam,2016,90.8,2192,-6.5,-17.3,,,,,83.3,1583,-13.7,-31.9,74.4,2657,13.6,-63.4,91.1,2153,-15.1,-21.4,85.9,2348,2.2,-29.3,,,,
Stroman, Marcus,2016,93.3,2341,-6.5,-19.8,85.3,2615,7.2,-42.2,85.1,1449,-13,-28.6,80.8,2708,13.4,-47.4,93,2250,-11.6,-26.8,89.9,2456,2.3,-31.4,,,,
Shields, James,2016,91.1,2289,-8,-14.9,,,,,84.3,1765,-14.4,-27.4,77.6,2531,6.8,-52,91,2204,-13.6,-17.7,86.8,2332,3.6,-27.9,,,,
Sanchez, Aaron,2016,95.2,2278,-10.9,-13.6,,,,,88.8,2051,-18.2,-26.2,78.6,2844,11.5,-60.2,95.4,2267,-16.7,-17.6,,,,,,,,
Odorizzi, Jake,2016,91.9,2268,-5.1,-12.9,83,2140,7.7,-35.6,,,,,71.8,2338,10.8,-67.9,92.5,2255,-10.1,-13.7,87.1,2205,4.1,-22.4,85.3,1514,-9.8,-27.3
Martinez, Carlos,2016,97.1,2129,-11.4,-14.9,,,,,87.6,2009,-17,-32.8,85.4,2146,7.2,-38.7,95.7,2046,-17.6,-22.7,,,,,,,,
Happ, J.A.,2016,92.4,2379,10,-15.1,85.6,2233,-1.6,-30.6,84.4,1934,14.3,-23.8,79,2175,-2.8,-48.7,91.5,2228,15.7,-24.5,,,,,,,,
Hammel, Jason,2016,92.6,2213,-9.6,-13.9,85.7,2378,2.6,-34.9,85.4,1692,-15.6,-27.9,77.5,2229,8.2,-55.8,92.8,2179,-15.5,-17.7,,,,,,,,
Tomlin, Josh,2016,88.4,2424,-5.2,-18.9,,,,,83.9,1735,-11.2,-27.3,75.6,2753,5.8,-61.9,88.5,2329,-11,-21.4,85.9,2618,3.7,-24.6,,,,
Tillman, Chris,2016,92.3,2301,-7.9,-11.5,86.2,2285,4.1,-30.3,84.3,1651,-10.6,-22,75.8,2107,4.9,-62.7,,,,,91.9,2333,0.1,-12.9,,,,
Syndergaard, Noah,2016,98.6,2202,-5.9,-10.1,91.5,2071,2.8,-27.3,90.3,1765,-15,-22.4,83,2217,6.2,-42.1,98.5,2154,-12.4,-12.1,,,,,,,,
Sale, Chris,2016,,,,,79.1,2251,-10.4,-49.6,86.8,2137,18.8,-29.5,,,,,93.7,2235,16.9,-20.3,,,,,,,,
Rodon, Carlos,2016,94.2,2243,8.2,-14.4,87.2,2316,-6.4,-31.3,84.1,1610,14.4,-32.5,,,,,93.8,2108,13.6,-17.8,,,,,,,,
Pomeranz, Drew,2016,91.8,2467,7.4,-14.4,,,,,87,2299,11.1,-20.7,79.7,2160,-5,-61.4,,,,,86.3,2388,0,-29.2,,,,
Kluber, Corey,2016,92.9,2442,-5.2,-14.9,89.4,2640,3.2,-26,85.8,1673,-11.6,-28.8,83.9,2599,15.1,-37.6,93.1,2243,-13.7,-19,,,,,,,,
Keuchel, Dallas,2016,88.8,2157,2.7,-22.6,78.5,2201,-10.5,-52.3,80,1598,13.4,-33.5,,,,,89.1,2081,12.1,-25.9,85.8,2125,-2.5,-31,,,,
Gausman, Kevin,2016,95.5,2310,-12.1,-10.3,80.3,2268,2.1,-43,,,,,,,,,94.4,2247,-16.1,-14.1,,,,,85.4,1604,-14.3,-26.7
Fister, Doug,2016,87.5,1989,-9.9,-23.3,,,,,79.5,1640,-12.7,-36.6,70.9,2060,8.5,-69.5,87.5,1974,-13.8,-24.9,83.3,2096,2.6,-33.5,,,,
Teheran, Julio,2016,91.7,2288,-10.6,-17.3,81.6,2249,1.5,-37,82.9,1518,-13.6,-28.6,72.1,2538,8.7,-58.1,90.3,2072,-16.6,-23.4,,,,,,,,
Santiago, Hector,2016,,,,,79.2,2164,-4.8,-47.1,83.3,2004,16.6,-28.4,73.8,2113,-8.9,-58.1,91.9,2245,12.8,-15,85.8,2191,-0.6,-31.4,,,,
Sabathia, CC,2016,89.1,2192,0.1,-20.4,80.4,2088,-10.9,-38.1,82.5,1957,9.8,-27.3,,,,,89.6,2018,13.2,-20.1,,,,,,,,
Nelson, Jimmy,2016,93.6,2324,-8.8,-13.9,87.5,2278,5.6,-33.5,86.4,2017,-12.8,-24.8,83.3,2432,6.5,-47.6,93.8,2173,-15,-21.5,,,,,,,,
Miley, Wade,2016,90.9,2177,6.2,-13.9,84.8,2217,-2.7,-33.8,83.1,1933,14.6,-26.3,77.5,2444,-4.6,-54.7,90.9,2095,13.3,-16.5,,,,,,,,
Leake, Mike,2016,90.1,2253,-4.1,-27.1,81.6,2486,7,-45.7,85.6,1837,-15.5,-35.3,79.1,2583,10.3,-55.4,91.2,2069,-13.9,-27.9,89.8,2246,-0.1,-26.6,,,,
Iwakuma, Hisashi,2016,88.9,2240,-11.1,-18.9,81.7,2207,3.1,-34.9,,,,,71.5,2271,10.9,-59.2,88.1,2024,-16.4,-25,86.1,2212,-2.4,-25.2,83.6,1541,-13.6,-34.9
Hellickson, Jeremy,2016,90.7,2105,-15,-16.7,86.1,2368,-3.4,-23,81,1791,-13.5,-29.9,77.2,2968,7.2,-61.2,90.6,2067,-17.8,-20.4,85.7,2391,-1.7,-28.1,,,,
Garcia, Jaime,2016,91.1,2416,2.8,-20,82.5,2807,-11.4,-46,82.8,2019,12.2,-33.1,76.1,2805,-12.7,-60.2,91.1,2271,10.4,-26.5,91.4,2435,-2.7,-20.3,,,,
Bettis, Chad,2016,92.3,1962,-3.5,-18.2,86.2,2077,3.1,-31.3,86.6,1521,-10.4,-31.9,75.6,2232,10,-52.1,91.6,1861,-12.9,-22.1,86.6,1974,2.6,-30,,,,
Bauer, Trevor,2016,94,2246,-9.3,-13,,,,,87,1739,-13.9,-26.4,77.6,2513,7.6,-62.8,93.8,2206,-14.7,-16.8,89.6,2480,1.2,-22.1,,,,
Arrieta, Jake,2016,94.2,2316,-11.4,-14.3,89.8,2405,4.1,-27.8,89.3,2068,-17.2,-26.8,81.1,2754,8.1,-55.9,94.5,2302,-15.6,-16.1,,,,,,,,
Volquez, Edinson,2015,94.4,2333,-13.5,-15.4,,,,,85.2,1280,-13.9,-34.2,81,2631,7,-50,94.2,2299,-17.6,-19.1,,,,,,,,
Miller, Shelby,2015,94.8,2303,-9.7,-13.5,,,,,87,1789,-14.8,-29.1,78.6,2177,9.7,-50.7,94.4,2242,-14.7,-17.9,87.7,2031,-1,-26.1,,,,
McHugh, Collin,2015,91.1,2141,-7.7,-17,,,,,82.7,1620,-12.2,-31,73.3,2545,13.8,-64.2,91.1,2149,-11.7,-17.7,87.4,2359,4.1,-27.7,,,,
Kluber, Corey,2015,93.2,2381,-6,-14.2,88.9,2465,3.7,-28,85.6,1743,-12.7,-28.8,83.3,2395,15.6,-40.6,93.5,2166,-13.8,-18.3,,,,,,,,
Jimenez, Ubaldo,2015,91.4,2131,-9.7,-14.3,83.7,2165,6.4,-30.8,,,,,76.3,2540,10.4,-53.2,90.8,2016,-14.8,-18.3,90.2,2339,2.4,-19.8,84.7,1440,-11.7,-29.4
Dickey, R.A.,2015,82.3,1810,-14.6,-30.9,,,,,,,,,,,,,,,,,,,,,,,,
Gonzalez, Gio,2015,92.8,2240,10.8,-14.3,,,,,84.5,1666,14.4,-31.4,78.7,2822,-10.8,-58.5,92.4,2167,16.3,-19.7,,,,,,,,
Gibson, Kyle,2015,92.6,2216,-9.2,-12.4,85.6,2186,2.3,-31.3,84.3,1695,-14.9,-29.8,81.3,1945,3.4,-40.6,92.2,2111,-15,-18.9,,,,,,,,
Carrasco, Carlos,2015,95.3,2268,-12.7,-16,88.4,2236,-1.5,-29.8,89,1730,-10.2,-30.8,83.8,2380,5.9,-44,94.9,2173,-16.3,-21.2,,,,,,,,
Buehrle, Mark,2015,84.4,2076,1.1,-25.4,,,,,78.7,1624,12.3,-36.6,71.7,2138,-8.6,-61.5,83.5,1973,11.1,-29.6,79.9,1907,-2.5,-35.2,,,,
Wacha, Michael,2015,94.8,2103,-9.1,-11.9,,,,,87.1,1512,-13.2,-26.9,76.4,2048,4,-56.6,,,,,89.8,2034,-0.8,-23.3,,,,
Ventura, Yordano,2015,97.2,2201,-12.3,-12.9,,,,,87.9,1427,-13.2,-26.3,84.6,2547,3.2,-49.2,96.8,2102,-16.6,-17.4,92.4,2200,-6.6,-20.9,,,,
Sale, Chris,2015,95.7,2341,11,-14,79.4,2205,-11.1,-46.9,86.3,2100,19.6,-29.3,,,,,95.2,2283,17.3,-18.2,,,,,82.1,2215,-9.3,-43.1
Sabathia, CC,2015,90.8,2114,6,-14.4,79.6,1822,-11,-39.4,83.9,1950,9.7,-25.3,,,,,89.8,2051,14.4,-19.9,89.6,1980,0.2,-14.9,,,,
Nelson, Jimmy,2015,94,2275,-8.4,-13,87.5,1753,5.7,-35.9,86,2107,-12.7,-22,83.1,2166,6.4,-49.2,94.1,2112,-14.9,-20.9,,,,,,,,
Kazmir, Scott,2015,92.5,2224,5.1,-13.9,81.4,1917,1.6,-39.6,76.5,1386,14.9,-38.9,76.9,1782,-0.3,-49.5,91.9,2203,12.8,-15.2,87.2,2113,2.2,-25.4,,,,
Happ, J.A.,2015,92.6,2372,9.1,-13.5,84.8,2140,-1.9,-33.1,85.6,1829,14.7,-24.7,78.9,2200,-4.5,-50.2,91.4,2143,14.5,-22.7,,,,,,,,
Greinke, Zack,2015,92.4,2406,-4.3,-12.6,87.4,2330,4.1,-31.6,88.7,1742,-12.8,-29.7,74.3,2436,8.9,-62,91.9,2192,-12.3,-20,,,,,,,,
DeSclafani, Anthony,2015,93.4,2175,-10,-13.3,87.6,2094,1.4,-28.4,86.3,1630,-15.3,-27.9,79.7,1854,7,-50,92.8,1946,-15,-19.2,,,,,,,,
Cueto, Johnny,2015,93.3,2286,-10.9,-13.9,83.6,2103,1.2,-35.8,84,1555,-12.3,-33.8,77,2035,2.3,-49,93.2,2245,-16.1,-18.3,88.6,2261,-3.4,-23.7,,,,
Burnett, A.J.,2015,91.7,2082,-8.6,-19.7,,,,,86.3,1678,-12.5,-31.2,82.3,2023,5.5,-48,91.6,1992,-14.4,-23.7,,,,,,,,
Archer, Chris,2015,95.8,2188,-5.8,-11.3,88.4,1933,5.4,-35.3,86.5,1914,-12.4,-26.5,,,,,,,,,,,,,,,,
Santiago, Hector,2015,,,,,79.4,1810,-3.5,-45.1,83.5,1945,15.6,-29.8,73.4,2051,-7,-57.9,90.9,2204,12.3,-17.4,86.6,2144,-0.4,-26.9,,,,
Ross, Tyson,2015,93.6,2538,-6.6,-17,87.2,2427,1.9,-35,89.4,2242,-10.8,-24.5,,,,,93.5,2423,-13.6,-24,92.1,2543,0.5,-22.1,,,,
Porcello, Rick,2015,92.1,2497,-7.9,-13,87.1,2415,0.6,-26.4,82.9,1688,-13.2,-28.1,75.5,2713,12.7,-61,91.1,2382,-15.4,-20.7,,,,,,,,
Pelfrey, Mike,2015,93.6,1935,-11.6,-15.2,84.3,1849,1.6,-30.6,,,,,73.5,1859,6,-55,93.9,1904,-14.7,-18.3,,,,,81.4,781,-8.7,-39.1
Lewis, Colby,2015,88.6,2285,-8.7,-17.5,83.1,2083,3.1,-36.4,83.7,1962,-12.6,-25.4,77.3,2064,9.4,-53.2,88.1,2131,-15.4,-21.3,,,,,,,,
Leake, Mike,2015,90.9,2169,-4.3,-24.9,81.6,2295,8.8,-44,86.1,1686,-14.6,-28,80.3,2575,11.9,-53.6,91.5,2081,-13.4,-25.9,90.4,2170,-0.1,-25.5,,,,
Lackey, John,2015,92.2,2194,-8.1,-17.7,,,,,84.3,1956,-17.4,-29.6,78.6,2082,4.7,-51.6,92.2,2185,-16,-22.3,83.9,1694,2,-39.1,,,,
Kershaw, Clayton,2015,94.2,2213,-0.4,-9.9,88.6,2105,-5.3,-27.7,88.3,2001,8.7,-15.8,74,2270,-3.3,-66.2,93.7,2224,5.8,-11.9,,,,,,,,
Gray, Sonny,2015,93.7,2361,-0.5,-15.4,86.5,2201,7.8,-35.5,88.1,1794,-9.7,-25.2,81.7,2605,14.5,-50.4,93.5,2289,-10.1,-18.2,91.6,2382,4.7,-25,,,,
Colon, Bartolo,2015,90.9,2255,-8.4,-16.6,82.8,2178,0.3,-36.3,82.6,1727,-14.4,-30.8,81.5,1758,-8.6,-35.7,87.9,2110,-16.7,-27,,,,,,,,
Bumgarner, Madison,2015,92.7,2315,5.9,-14.6,86.8,2176,-2.9,-29.8,85.5,1616,13,-26.3,77,2312,-10.6,-54.8,92.9,2289,9.8,-14.9,,,,,,,,
Bauer, Trevor,2015,93.5,2225,-8.4,-12.5,83.6,2075,6.3,-38.1,85.8,1647,-11.5,-26.5,79.9,2401,7.3,-51.9,93.7,2209,-14,-15.9,86.4,2203,3.7,-30.5,,,,
Teheran, Julio,2015,92.1,2266,-10.7,-15.7,81.2,1740,2,-38,83.3,1507,-14.7,-29,72.5,2258,8.8,-57.3,91.1,2045,-16.5,-21.8,,,,,,,,
Shields, James,2015,91.8,2278,-8.2,-14.6,,,,,84.9,1736,-13.4,-27.8,78.7,2442,7.5,-51.9,91.4,2156,-13.6,-18.9,86.5,2334,4.8,-30,,,,
Ramirez, Erasmo,2015,91.6,2221,-13.4,-19.3,84.6,2221,3,-31.7,81.3,1677,-13.1,-33.6,78.2,2102,7.3,-48.5,91.5,2216,-17.5,-23.8,,,,,,,,
Quintana, Jose,2015,92,2082,4.9,-14.7,,,,,86.3,1342,10,-23.9,80.3,2040,-5,-46.6,92.2,2026,12.7,-16.9,,,,,,,,
Martinez, Carlos,2015,96.3,2092,-10.1,-14.5,,,,,87.4,1989,-17.6,-30.2,85.7,1898,7.2,-37.2,95.4,1971,-17,-22,,,,,,,,
Liriano, Francisco,2015,92.7,2031,7.7,-16.9,85.5,2055,-2.1,-32.6,85,1784,14.3,-28.2,78,2140,-4.5,-47.8,93.1,2027,13.7,-19,,,,,,,,
Hendricks, Kyle,2015,90.9,2319,-4.8,-17.2,,,,,80.7,2116,-7.9,-31,78.3,2478,8.4,-48.7,88.8,2064,-12.7,-24.2,88.3,2243,-4.3,-20,,,,
Harvey, Matt,2015,96.5,2338,-11.9,-11.8,90.1,2285,-0.2,-27.1,89,1946,-16.1,-24,84.2,2186,-0.4,-42.5,96.6,2327,-14.9,-14.9,,,,,,,,
Harang, Aaron,2015,89.6,2347,-10,-14.7,81.7,2010,0,-36.9,84.1,1643,-14.2,-26.4,74.2,1990,1.7,-55.6,89.9,2252,-16.7,-18.7,,,,,,,,
Gallardo, Yovani,2015,91.2,2093,-4.3,-14.7,87.8,2194,3.9,-26.8,85.7,1886,-13,-24,79.2,2314,4.4,-53,91.1,2070,-9.7,-16.7,93.1,2147,-9.8,-14.6,,,,
Anderson, Brett,2015,91.6,1853,7.4,-20.4,82.5,2278,-5.6,-48.9,83.9,1545,11.6,-31,76.3,2302,-6.8,-62.8,91,1769,13.1,-24.8,,,,,,,,
deGrom, Jacob,2015,95.6,2261,-9,-12.3,90.2,2340,-0.4,-23.7,86,1741,-13,-27.6,82.3,2068,5.6,-42,95.3,2143,-14.6,-16.9,,,,,,,,
Wood, Alex,2015,,,,,,,,,83.6,1814,16.4,-34.8,80.8,1766,-4.7,-44.2,89.8,1915,14.4,-22.7,,,,,,,,
Tillman, Chris,2015,92.1,2258,-8,-11.4,86.3,2132,3.9,-29.2,83.3,1590,-10.5,-23.6,75.8,2106,7.2,-62,,,,,91.1,2280,-0.4,-12.8,,,,
Salazar, Danny,2015,95.6,2346,-10.7,-12.1,85.5,1821,0.4,-32.8,86.1,1276,-9.1,-30.8,80,2442,3.9,-53.7,95,2301,-15.8,-16.9,,,,,,,,
Odorizzi, Jake,2015,91.9,2180,-4.6,-11.9,82.9,1891,8.5,-35.8,,,,,71.8,2207,8.1,-66.9,92,2145,-10.6,-13.3,86.7,2081,3.8,-21.3,85.6,1457,-9.8,-27.2
Niese, Jonathon,2015,89.6,2050,7.1,-20.5,80.6,1957,-3.3,-40.5,83.3,1347,12.6,-32.4,75,2187,-5.9,-56.3,89.5,1891,14.9,-26,87.6,2178,0.6,-25.3,,,,
Miley, Wade,2015,91.5,2220,7.2,-14.4,85.1,2019,-1.7,-36,83.6,1956,15.5,-27,77.5,2351,-3.8,-55.9,91.3,2108,14.9,-17.2,,,,,,,,
Heston, Chris,2015,90.2,2109,-8.9,-21.5,77,2099,11.2,-43.4,82.6,1932,-15.4,-35.2,74.6,2279,12.9,-57.3,89.5,2063,-16.6,-26.6,,,,,,,,
Hamels, Cole,2015,92.9,2100,7.7,-14.8,,,,,84.9,1721,13.2,-27.6,78.8,2235,-7.9,-56.1,93.2,2102,14,-18.4,89.1,1998,0.7,-24.1,,,,
Fiers, Mike,2015,90,2185,-5.6,-13.1,77.8,1746,1.7,-46.5,83.6,1792,-13.7,-28.7,72.9,2542,5.5,-71.4,,,,,84.6,2177,3.6,-29.8,,,,
Chen, Wei-Yin,2015,92.3,2109,10,-11.2,83.8,2050,-3.6,-31.4,83.4,1487,13,-24.3,73.9,2219,-6.4,-59.2,91.4,2004,15.1,-15.8,,,,,,,,
Cashner, Andrew,2015,95.4,2211,-11.1,-13.8,85.7,2033,1.6,-34,86.3,1638,-13.1,-26.9,80.2,2042,7.5,-43.8,95.3,2126,-15.2,-17.4,,,,,,,,
Zimmermann, Jordan,2015,93.6,2328,-9.1,-14.5,88.2,2300,1.5,-27.4,88.7,2164,-15.6,-23.1,81,2236,3.8,-48.9,94,2317,-15.1,-19.2,,,,,,,,
Walker, Taijuan,2015,94.8,2125,-9.4,-11.6,,,,,,,,,74.8,1916,9.7,-55.9,95.8,2134,-14.1,-11.8,90.2,2169,-0.1,-21.2,89.4,1485,-13.6,-25.1
Simon, Alfredo,2015,93.5,2252,-10.4,-14.1,83.9,1524,-9.5,-34.3,86.1,1512,-12.3,-31,77.4,2171,7.2,-52.4,93.5,2046,-16.6,-20,89,2111,-1.6,-25.2,85.2,1568,-13.3,-30.5
Samardzija, Jeff,2015,94.4,2483,-13.1,-17.3,86.2,2159,-0.7,-33.8,,,,,83.2,2071,1.5,-43.3,94.4,2374,-18.4,-21.8,92.1,2484,-5.2,-18.2,85.7,1326,-13.6,-29.2
Price, David,2015,94.6,2257,9.4,-13.1,,,,,85.8,1975,15.9,-27.2,80.1,2045,-10.8,-44.2,94.8,2193,14.4,-14.7,89.7,2141,-1.2,-24.7,,,,
Koehler, Tom,2015,92.6,2094,-9.9,-14.9,86.1,2119,1.3,-31.7,85.1,1691,-15.1,-29.7,79.4,2390,6.7,-59.1,93,2082,-14,-17.1,,,,,,,,
Kennedy, Ian,2015,91.9,2358,-11.3,-13.8,85.6,1833,0.7,-30.9,83.9,1880,-14,-27.4,77.7,2492,8.4,-57.9,92.5,2388,-16.7,-15.1,,,,,,,,
Estrada, Marco,2015,89.8,2348,-6.9,-12,,,,,79.1,2091,-12.1,-25.9,77.9,2580,8,-58.6,,,,,88.6,2379,0.5,-18.4,,,,
De La Rosa, Rubby,2015,95,2302,-12.6,-16.3,85.9,1912,1,-33.6,87,2060,-12.8,-26.6,79.4,1769,2.3,-44.1,94.2,2154,-16.1,-20.9,,,,,,,,
Richards, Garrett,2015,96.4,2507,-2.2,-17.6,87.9,2722,3.9,-42.1,93.2,2416,-18.2,-28.2,79.9,3103,9.9,-63,96.1,2523,-10.5,-18.7,95.7,2437,2.8,-19.5,,,,
Keuchel, Dallas,2015,89.5,2146,4.2,-21.6,79.8,2022,-8.7,-48.8,79.6,1617,15.9,-33.6,,,,,90.1,2044,14.1,-25.1,85.4,2022,-1.2,-31.4,,,,
Hernandez, Felix,2015,92.6,1942,-6.9,-18.1,85,2120,0.7,-38.5,88.6,1778,-12.3,-32.1,80.7,2392,9.6,-52.9,92.1,1915,-14.3,-22.5,,,,,,,,
Hammel, Jason,2015,92.9,2147,-10,-13.6,84.9,2060,3.3,-37.4,85.6,1715,-15,-26.5,77.1,2109,8.1,-56.6,92.8,2148,-15,-16.4,,,,,,,,
Cole, Gerrit,2015,96.3,2156,-13.3,-16,87.7,1928,3.6,-35.8,88.8,1709,-14.4,-25.8,82.1,2464,12.5,-46.4,96.2,2152,-15.9,-17.9,,,,,,,,
Arrieta, Jake,2015,95,2292,-10.3,-13.8,90.8,2222,3.3,-26.9,89.5,1944,-18.3,-28.5,81.2,2689,8,-56.7,95.3,2262,-15.5,-16,,,,,,,,
Scherzer, Max,2015,94.8,2498,-15.1,-14.3,86.6,2217,-0.8,-31.7,85.4,1474,-16.7,-32.8,80,2189,3.9,-44.8,,,,,89.9,2292,-5.8,-27,,,,
Lynn, Lance,2015,92.8,2419,-10.8,-16.7,87,2304,-1.7,-28.9,84.9,1903,-15.2,-30.3,78.1,2032,6.8,-54.3,91.5,2210,-15.3,-25.1,,,,,,,,
Locke, Jeff,2015,92,2105,6.6,-14.8,,,,,81.7,1373,8.9,-29.7,80,1750,-6.6,-50.6,91.9,1995,13.2,-18.5,,,,,,,,
Lester, Jon,2015,92.6,2222,6.6,-14.8,,,,,85.1,1656,12.8,-30.7,75.6,2361,-11.1,-54,91.5,2010,12.1,-23.3,88.6,2290,-3,-25.9,,,,
Haren, Dan,2015,86.6,2161,-9.6,-18.2,,,,,,,,,76.8,2212,5.5,-52.6,85.9,1961,-14.4,-22.4,83.9,2219,1.5,-26.6,81.7,1383,-9.1,-31.6
Danks, John,2015,90,2358,9,-15.4,80.3,2079,-2.2,-32.3,81.5,1786,13.1,-29.7,76.3,1774,-5.4,-50.1,90,2269,14.4,-18.7,86.5,2368,-0.7,-23.1,,,,
Lopez, Reynaldo,2018,95.5,2102,-9.9,-15.4,83.9,2119,3.4,-35.9,83.6,1541,-12.3,-30.2,75.9,2065,4.1,-53.2,93.5,2021,-14.6,-22,,,,,,,,
Kluber, Corey,2018,92,2410,-6.7,-18.1,,,,,85.2,1751,-12.3,-34.1,83.8,2607,15.2,-38.2,92,2268,-15.2,-24.9,88.5,2604,3.2,-29.7,,,,
Hendricks, Kyle,2018,87.3,2074,-4.1,-19.8,,,,,78.6,2090,-11.2,-33.4,71.8,2795,14.9,-67.7,86.6,1947,-12.4,-26.9,,,,,,,,
Corbin, Patrick,2018,90.8,2267,7.7,-17.9,81.7,2389,-3.3,-42.8,81,1710,11.3,-31.1,72.5,2089,-2.4,-53.7,90.8,2215,14.5,-22.2,,,,,,,,
Bundy, Dylan,2018,91.6,2417,-6.9,-14.1,81.4,2482,4.2,-43.8,83.7,1740,-12.4,-28.2,74.5,2220,8.8,-64.1,91.5,2273,-13,-17.7,,,,,,,,
Arrieta, Jake,2018,92.4,2310,-8.2,-17.4,89.4,2466,5.3,-29.1,88,1650,-14.7,-33.1,80.7,2771,13.5,-55.7,93,2241,-15.6,-22.2,,,,,,,,
Anderson, Tyler,2018,91.9,2250,7.7,-15.9,,,,,81.2,1901,11.2,-30.5,73.7,2336,-4.1,-62.6,91.1,2195,14.5,-21.1,87.6,2464,-2,-26.2,,,,
Quintana, Jose,2018,91.5,2019,5.1,-16.5,,,,,86.3,1275,10.2,-29.9,76.1,2176,-7.6,-58,91.5,1980,12.6,-19.2,,,,,,,,
Fiers, Mike,2018,89.4,2308,-8.2,-15.8,85.2,2390,1.2,-27.1,83.3,1894,-15.7,-33.6,72.4,2771,11.2,-73.2,89.2,2239,-14.2,-20.7,,,,,,,,
LeBlanc, Wade,2018,86.2,1944,9.2,-21.4,77.7,2072,-5.9,-45.4,77.7,1522,13.9,-39,72.5,2206,-11.8,-61.2,86.3,1878,15,-25.9,83.4,2006,-1.2,-29.4,,,,
Keuchel, Dallas,2018,89.8,2166,-1.1,-20.9,78.7,2190,-10.2,-48.6,79.6,1544,13.7,-35.6,,,,,89.1,2040,10.8,-26.7,86.4,2166,-3.6,-30.2,,,,
Junis, Jakob,2018,91.3,2024,-6.6,-20,82.2,2474,14.5,-45.2,84.7,1488,-9.1,-33.8,79.1,2364,14.4,-49.1,90.6,1978,-14.8,-26.3,,,,,,,,
Godley, Zack,2018,89.2,2360,-7.9,-25.5,,,,,81.1,1287,-8.4,-41.6,81.4,2178,3.5,-52.5,89.9,2234,-15.2,-29.2,88.9,2197,-1.4,-25.6,,,,
Gibson, Kyle,2018,93.1,2219,-5.7,-15.1,85.4,2472,4.8,-37.4,85.6,1696,-13.7,-31.2,80.7,2471,6,-50.1,92.9,2086,-14.1,-19.9,,,,,,,,
Castillo, Luis,2018,95.8,2200,-13.5,-17.6,83.6,2206,0.2,-40.9,86.2,1931,-16.8,-34.8,,,,,95.6,2102,-18.4,-24,,,,,,,,
Boyd, Matthew,2018,90.5,2282,9,-18.2,80.5,2322,-2.4,-41.3,78.6,1760,10.3,-34.6,72.1,2276,-14.5,-58.3,90.1,2281,14.3,-22.4,,,,,,,,
Wheeler, Zack,2018,95.8,2312,-9.5,-13.1,90.8,2338,1.7,-26,86.3,1958,-13.5,-23.5,79.3,2556,8,-54.9,96,2234,-13.3,-15.7,,,,,89.3,1605,-12,-24.7
Teheran, Julio,2018,89.9,2326,-7.5,-20.2,80.2,2582,5.5,-42.4,82.6,1615,-14.6,-33,72.5,2670,13.4,-59.1,89.4,2154,-15.9,-28.8,,,,,,,,
Price, David,2018,92.7,2241,9.2,-17.9,,,,,85.3,1719,15.9,-32.3,79.1,2207,-7.2,-47.1,92.7,2172,15.9,-21.3,88.6,2159,0,-26.3,,,,
Morton, Charlie,2018,96.1,2243,-14.1,-17.6,,,,,,,,,79.7,2923,17.8,-56,95.1,2109,-17.5,-24.1,88.3,2518,3.5,-31.8,87.3,2122,-18.7,-32.8
Mikolas, Miles,2018,94.1,2309,-4.9,-17.1,88,2361,3.5,-32,88.4,1680,-14.5,-28.1,78.5,2613,9.3,-61.1,93.5,2218,-13.2,-20.2,,,,,,,,
Gray, Jon,2018,94.7,2015,-8.5,-17.1,87.8,2182,2.3,-28.9,86.3,1557,-8.9,-24.7,79.6,2457,6,-49.2,95,1883,-10.1,-24.1,,,,,,,,
Urena, Jose,2018,95.6,2148,-10.9,-14.8,86.4,2242,0.1,-29,89.9,1813,-15.1,-23.3,84.8,2278,5.3,-37.1,95.8,2124,-15.6,-19.1,,,,,,,,
Taillon, Jameson,2018,95.2,2350,-4,-14.8,89.8,2393,4.7,-28,87.9,1709,-9.2,-26.5,82.2,2649,10.7,-55,95.2,2223,-13.3,-19.6,,,,,,,,
Snell, Blake,2018,95.8,2364,4.7,-11.6,88,2399,-4.9,-32.9,87.5,1777,13.3,-23.4,81.3,2517,-6,-54.1,,,,,,,,,,,,
Severino, Luis,2018,97.6,2365,-6.4,-12.6,88.1,2872,10.1,-38.3,88.1,1648,-11.8,-24.6,,,,,,,,,,,,,,,,
Pivetta, Nick,2018,94.8,2268,-8.9,-13,84.8,2477,7.9,-38.4,87.1,1856,-14.8,-27.1,80.1,2840,12.9,-57.2,94.7,2194,-13.8,-16.6,,,,,,,,
Newcomb, Sean,2018,93,2179,6.7,-15.7,80.5,2583,-11,-47.9,86.3,1619,11.9,-28.1,76.8,2713,-9.2,-67.4,,,,,,,,,,,,
Marquez, German,2018,95.4,2207,-6.2,-17,85.5,2349,2,-37.2,85.7,1730,-11.7,-29.7,82,2689,6.1,-50.6,94.1,2154,-13.6,-23.4,,,,,,,,
Lester, Jon,2018,91,2230,7.7,-17.5,,,,,84.9,1805,14,-32.4,74.8,2571,-11.9,-56,90.2,2073,13.7,-26.6,88.1,2381,-1.8,-25.1,,,,
Leake, Mike,2018,89.1,2121,-8.8,-26.9,80.2,2447,8.5,-46.2,83.7,1769,-14.4,-40.8,78.4,2560,15.8,-53.8,88.8,2006,-14,-32.3,87.3,2200,0.6,-30.1,,,,
Holland, Derek,2018,,,,,80.9,2178,0.8,-38.7,82.9,2125,12,-26.4,78.4,2076,-1.1,-44.9,91.5,2353,14.9,-19.6,,,,,,,,
Heaney, Andrew,2018,,,,,,,,,83.3,1931,16.5,-33,78.6,2383,-5,-50,91.9,2467,14,-18.8,,,,,,,,
Chacin, Jhoulys,2018,89.9,2136,-7.8,-21,79.3,2367,13.3,-43.1,82.7,1387,-9.9,-34.2,73.3,2365,12,-57.3,90.2,2026,-15.9,-27.5,,,,,86.1,1598,-9,-33.6
Verlander, Justin,2018,95,2618,-11,-11,86.5,2684,3.6,-34.6,87.4,1899,-17,-27.7,79.5,2894,9.3,-58.7,,,,,91.5,2558,-2.6,-20.2,,,,
Roark, Tanner,2018,91.5,2103,-7,-16.4,85,2286,3.7,-32.3,83.4,1731,-14,-29.6,74.7,2744,13.5,-66.5,91.3,2048,-14.1,-20.1,89.3,2145,0.2,-21.7,,,,
Greinke, Zack,2018,89.5,2335,-1.3,-17.5,83.4,2540,7.1,-38.2,86.5,1738,-12,-33,71.2,2476,11.9,-68.3,90,2278,-11.9,-21.8,,,,,,,,
Giolito, Lucas,2018,92.4,2099,-8.1,-16.5,83.9,2015,2.8,-36.9,81.7,1651,-10.9,-32,78.6,2359,8.3,-59.2,92.4,2003,-14.7,-20.7,,,,,,,,
Gausman, Kevin,2018,93.6,2168,-11.3,-16.1,81.4,2210,1.9,-40.4,,,,,,,,,94.6,2296,-11.5,-16.1,,,,,82.6,1479,-13.8,-35.9
Freeland, Kyle,2018,91.8,2266,6.5,-20.9,85.8,2194,-2.8,-32.6,85.5,1393,11.3,-32.4,79.9,2217,-2.5,-42.9,90.6,2212,13,-27.3,,,,,,,,
Cole, Gerrit,2018,96.5,2379,-11.1,-12.5,88.7,2571,5.2,-31.5,87.7,1667,-14.5,-24.5,82.5,2842,12.4,-52.8,96.3,2315,-15.6,-16.3,,,,,,,,
Bauer, Trevor,2018,94.5,2322,-8.3,-14.2,82,2666,13.5,-43.2,87,1852,-15.7,-29.3,79.1,2601,8.3,-63.8,94.4,2316,-15.4,-19.7,86.7,2611,5.4,-35.9,,,,
deGrom, Jacob,2018,96,2362,-4.3,-13.2,91.1,2496,3.9,-26.9,89,1700,-12.6,-28.4,82.7,2564,6.6,-43.9,95.5,2257,-12,-17.6,,,,,,,,
Williams, Trevor,2018,91.1,2171,-4.4,-18.3,81.5,2203,6.8,-41.3,83.2,1681,-14,-31,75.5,1979,6.4,-52.3,88.6,1874,-14.1,-27.7,,,,,,,,
Shields, James,2018,89.5,2271,-8,-20.4,,,,,83.4,1665,-14.5,-32.4,78.2,2478,6.3,-49.5,89,2178,-13.9,-29.8,86.4,2342,4.5,-29.3,,,,
Porcello, Rick,2018,91.3,2433,-8.4,-17.1,86,2555,2.7,-31.6,81.4,1760,-15.8,-35.9,74.8,2824,15.8,-61.7,89.8,2352,-16.2,-24.9,,,,,,,,
Nola, Aaron,2018,92.7,2116,-12.6,-18.9,,,,,84.8,1478,-14.7,-36.1,78,2545,16.4,-56.1,91.4,2057,-17,-25.2,,,,,,,,
Gonzalez, Gio,2018,90.1,2227,9.3,-18.6,,,,,82.7,1631,13.5,-34.2,75.7,2715,-12.9,-65.4,89.3,2120,16,-25.1,,,,,,,,
Clevinger, Mike,2018,93.6,2298,-7.8,-14.8,79.5,2386,16.5,-41.9,87.6,1500,-14,-26.9,75.4,2195,11.7,-59.5,,,,,,,,,,,,
Scherzer, Max,2018,94.4,2487,-10.8,-17.3,85.2,2386,3.2,-37.3,83.9,1457,-15.1,-37.7,78.4,2512,8,-52,,,,,88.7,2425,1.5,-28.2,,,,
Odorizzi, Jake,2018,91.1,2255,-10,-17,83.3,2202,6.7,-33.7,,,,,72.6,2290,9.1,-67.3,,,,,86.4,2221,2.1,-24.5,84.2,1605,-11.9,-31.6
Happ, J.A.,2018,92.3,2334,7.1,-14.7,85.3,2187,-2.8,-32.5,86,1619,14.3,-30,75.9,2130,-2.5,-56.7,90.4,2140,14.2,-24.8,,,,,,,,
Hamels, Cole,2018,92.3,2083,7.7,-16.8,85,2115,-0.5,-35.7,83.4,1652,13.4,-30.4,78.8,2197,-5.6,-55.6,91.4,2076,15.1,-23.3,87.5,2045,-1.1,-27.9,,,,
Gonzales, Marco,2018,90.1,2251,8.8,-17.1,,,,,83.6,2206,17.4,-31.5,78.1,2450,-7.8,-59.6,90.1,2267,14.6,-20.8,87.1,2343,-1.5,-24.8,,,,
Foltynewicz, Mike,2018,96.3,2349,-8.1,-13.5,86.7,2518,4.2,-34.1,87.8,1909,-14.5,-24.6,80,2499,4.8,-48.3,96.5,2248,-15.7,-18.5,,,,,,,,
Carrasco, Carlos,2018,93.7,2353,-11.6,-17.4,83.9,2645,3,-41.7,88,1507,-10.7,-35.7,81.6,2825,10.9,-48.6,92.9,2205,-17.1,-25.1,,,,,,,,
Berrios, Jose,2018,93.4,2213,-10.2,-16.3,,,,,83.7,1633,-14.6,-35.5,81.7,2360,15.4,-43.9,92.8,2145,-16.4,-21.7,,,,,,,,